Aristokraft-B-One Door,Aristokraft-B-Two Door,Aristokraft-B-One Door One Drawer,Aristokraft-B-Two Door One Drawer,Aristokraft-B-Two Door Two Drawer,Aristokraft-B-Country Sink,Aristokraft-B-Four Drawer,Aristokraft-B-Three Drawer,Aristokraft-B-Microwave One Drawer,Aristokraft-B-Corner,Aristokraft-B-Blind Right One Door One Drawer
B09FH-12,B24FH-12B,B12,B24B,B39,CNTYSB30B,DB12-4,DB12,BMW2435DD,SCER36,BC36
B12FH-12,B27FH-12B,B15,B27B,B42,CNTYSB33B,DB15-4,DB15,BMW2735DD,BWRER36,BC39
B15FH-12,B30FH-12B,B18,B30B,B45,CNTYSB36B,DB18-4,DB18,BMW3035DD,,BC42
B18FH-12,B33FH-12B,B21,B33B,B48,CNTYSB39,DB21-4,DB21,,,BC45
B21FH-12,B36FH-12B,B24,B36B,B39RT,,DB24-4,DB24,,,BC48
B24FH-12,B42FH-12,B15RT,B24RTB,B42RT,,DB27-4,DB27,,,BC51
B09FH,B48FH-12,B18RT,B27RTB,B45RT,,DB30-4,DB30,,,
B12FH,B24FHB,B21RT,B30RTB,B48RT,,DB33-4,DB33,,,
B15FH,B27FHB,B24RT,B33RTB,B39RT-2,,DB36-4,DB36,,,
B18FH,B30FHB,B15RT-2,B36RTB,B42RT-2,,,DBFP30,,,
B21FH,B33FHB,B18RT-2,B24RTB-2B,B45RT-2,,,DBFP36,,,
B24FH,B36FHB,B21RT-2,B27RTB-2B,B48RT-2,,,,,,
BPP09,B42FH,B24RT-2,B30RTB-2B,SB39,,,,,,
,B48FH,BWB15BMG,B33RTB-2B,SB42,,,,,,
,,BWB18BMG,B36RTB-2B,SB45,,,,,,
,,SB24B,SB24B,SB48,,,,,,
,,,SB27B,,,,,,,
,,,SB30B,,,,,,,
,,,SB33B,,,,,,,
,,,SB36B,,,,,,,
