YTH-T-Two Stacked Door Small Top,YTH-T-Two Door Stacked Two Door Small Top,YTH-T-Two Door Stacked Oven One Drawer Bottom,YTH-T-Two Door Stacked Oven Two Stacked Drawer Bottom
24UCS1584,24UCS2496B,27OCC2496B,27OCB2496B
24UCS1884,24UCS2796B,27OCC2796B,27OCB2796B
24UCS2184,24UCS3096B,27OCC3096B,27OCB3096B
24UCS2484,24UCS3396B,27OCC3396B,27OCB3396B
24UCS1587,24UCS3696B,27OCC3696B,27OCB3696B
24UCS1887,,,
24UCS2187,,,
24UCS2487,,,
24UCS1590,,,
24UCS1890,,,
24UCS2190,,,
24UCS2490,,,
24UCS1593,,,
24UCS1893,,,
24UCS2193,,,
24UCS2493,,,
24UCS1596,,,
24UCS1896,,,
24UCS2196,,,
24UCS2496,,,
24UCS15102,,,
24UCS18102,,,
24UCS21102,,,
24UCS24102,,,
