Aristokraft-W-One Door,Aristokraft-W-Two Door,Aristokraft-W-Special,Aristokraft-W-Corner Diagonal One Door,Aristokraft-W-Blind One Door,Aristokraft-W-Blind Two Door
W1214,W3012B,WWG1514,DW2442,SC2442,SC4242B
W1514,W3312B,WWG1814,DW2742,SC3042,SC4842B
W1814,W3612B,WWG2114,DWOL2414,SC3342,
W2114,WT3712B,WWG2414,DWOL2418,SC3642,
W2414,W3912,WWG1218,DWWG2414,,
W1218,W3014B,WWG1518,DWWG2418,,
W1518,W3314B,WWG1818,DWMD2418,,
W1818,W3614B,WWG2118,DWMD2442,,
W2118,WT3714B,WWG2418,DWMD2742,,
W2418,W3914,WWG2424,,,
W1524,W4214D2,WWG1230,,,
W1824,W4814D2,WWG1530,,,
W2124,W2418B,WWG1830,,,
W2424,W2718B,WWG2130,,,
W0936,W3018B,WWG2430,,,
W1236,W3318B,WWG1236,,,
W1536,W3618B,WWG1536,,,
W1836,WT3718B,WWG1836,,,
W2136,W3918,WWG2136,,,
W2436,W4218,WWG2436,,,
W0942,W4818,WWG1242,,,
W1242,W3021B,WWG1542,,,
W1542,W3321B,WWG1842,,,
W1842,W3621B,WWG2142,,,
W2142,WT3721B,WWG2442,,,
W2442,W3921,WMD1518,,,
,W2724B,WMD1818,,,
,W3024B,WMD2118,,,
,W3324B,WMD2418,,,
,W3624B,WMD2424,,,
,WT3724B,WMD1530,,,
,W3924,WMD1830,,,
,W4224,WMD2130,,,
,W4824,WMD2430,,,
,W3027B,WMD1536,,,
,W2436B,WMD1836,,,
,W2736B,WMD2136,,,
,W3036B,WMD2436,,,
,W3336B,WMD1542,,,
,W3636B,WMD1842,,,
,W3936,WMD2142,,,
,W4236,WMD2442,,,
,W4836,WSC121212,,,
,W2442B,WSC151412,,,
,W2742B,WSC181812,,,
,W3042B,WSC212112,,,
,W3342B,WSC242412,,,
,W3642B,WWG3014B,,,
,W3942,WWG3314B,,,
,W4242,WWG3614B,,,
,W4842,WWG3914,,,
,RW3012B,WWG2718B,,,
,RW3312B,WWG3018B,,,
,RW3612B,WWG3318B,,,
,RWT3712B,WWG3618B,,,
,RW3912,WWG3918,,,
,RW3014B,WWG4218,,,
,RW3314B,WWG2724B,,,
,RW3614B,WWG3024B,,,
,RWT3714B,WWG3324B,,,
,RW3914,WWG3624B,,,
,RW3018B,WWG2730B,,,
,RW3318B,WWG3030B,,,
,RW3618B,WWG3330B,,,
,RWT3718B,WWG3630B,,,
,RW3918,WWG3930,,,
,RW4218,WWG4230,,,
,RW3021B,WWG4830,,,
,RW3321B,WWG2736B,,,
,RW3621B,WWG3036B,,,
,RWT3721B,WWG3336B,,,
,RW3921,WWG3636B,,,
,RW3024B,WWG2742B,,,
,RW3324B,WWG3042B,,,
,RW3624B,WWG3342B,,,
,RWT3724B,WWG3642B,,,
,RW3924,WMD2718B,,,
,RW4224,WMD3018B,,,
,,WMD3318B,,,
,,WMD3618B,,,
,,WMD3918,,,
,,WMD4218,,,
,,WMD2724B,,,
,,WMD3024B,,,
,,WMD3324B,,,
,,WMD3624B,,,
,,WMD2730B,,,
,,WMD3030B,,,
,,WMD3330B,,,
,,WMD3630B,,,
,,WMD3930,,,
,,WMD4230,,,
,,WMD4830,,,
,,WMD2736B,,,
,,WMD3036B,,,
,,WMD3336B,,,
,,WMD3636B,,,
,,WMD2742B,,,
,,WMD3042B,,,
,,WMD3342B,,,
,,WMD3642B,,,
,,RWWG3014B,,,
,,RWWG3314B,,,
,,RWWG3614B,,,
,,RWWG3914,,,
,,RWWG3018B,,,
,,RWWG3318B,,,
,,RWWG3618B,,,
,,RWWG3918,,,
,,RWWG3021B,,,
,,RWWG3621B,,,
,,RWMD3018B,,,
,,RWMD3318B,,,
,,RWMD3618B,,,
,,RWMD3918,,,
,,MWOL2418,,,
,,MWOL2718,,,
,,MWOL3018,,,
