Eclipse-W-One Door,Eclipse-W-Two Door,Eclipse-W-Blind One Door,Eclipse-W-Two Stacked Door Small Top,Eclipse-W-Two Door Stacked Two Door Small Top,Eclipse-W-One Door Two Stacked Drawer Bottom,Eclipse-W-Two Door Two Stacked Drawer Bottom,Eclipse-W-One Door One Drawer,Eclipse-W-Two Door One Drawer Bottom,Eclipse-W-Corner Diagonal One Door,Eclipse-W-Corner Diagonal Two Stacked Door Small Top,Eclipse-W-Two Door Stacked Microwave
W912,W24-2D12,WBC2424,SW942(12),SW2442(12)-2D,W2DR1248,W2DR2448-2D,W1DR1230,W1DR2430-2D,A2130,SA2142(12),MWS2430-2D
W1212,W2712,WBC2724,SW1242(12),SW2742(12),W2DR1548,W2DR2748,W1DR1530,W1DR2730,A2430,SA2442(12),MWS2730
W1512,W3012,WBC3024,SW1542(12),SW3042(12),W2DR1848,W2DR3048,W1DR1830,W1DR3030,A2133,SA2145(12),MWS3030
W1812,W3312,WBC3324,SW1842(12),SW3342(12),W2DR2148,W2DR3348,W1DR2130,W1DR3330,A2433,SA2445(12),MWS3330
W2112,W3612,WBC3624,SW2142(12),SW3642(12),W2DR22.548,W2DR3648,W1DR22.530,W1DR3630,A2136,SA2148(12),MWS3630
W22.512,W3912,WBC3924,SW22.542(12),SW3942(12),W2DR2448,W2DR2451-2D,W1DR2430,W1DR2433-2D,A2436,SA2448(12),MWS2433-2D
W2412,W4212,WBC4224,SW2442(12),SW4242(12),W2DR1251,W2DR2751,W1DR1233,W1DR2733,A2139,SA2151(12),MWS2733
W915,W24-2D15,WBC4524,SW945(12),SW2445(12)-2D,W2DR1551,W2DR3051,W1DR1533,W1DR3033,A2439,SA2451(12),MWS3033
W1215,W2715,WBC4824,SW1245(12),SW2745(12),W2DR1851,W2DR3351,W1DR1833,W1DR3333,A2142,SA2154(12),MWS3333
W1515,W3015,WBC2427,SW1545(12),SW3045(12),W2DR2151,W2DR3651,W1DR2133,W1DR3633,A2442,SA2454(12),MWS3633
W1815,W3315,WBC2727,SW1845(12),SW3345(12),W2DR22.551,W2DR2454-2D,W1DR22.533,W1DR2436-2D,A2145,SA2157(12),MWS2436-2D
W2115,W3615,WBC3027,SW2145(12),SW3645(12),W2DR2451,W2DR2754,W1DR2433,W1DR2736,A2445,SA2457(12),MWS2736
W22.515,W3915,WBC3327,SW22.545(12),SW3945(12),W2DR1254,W2DR3054,W1DR1236,W1DR3036,A2148,SA2160(12),MWS3036
W2415,W4215,WBC3627,SW2445(12),SW4245(12),W2DR1554,W2DR3354,W1DR1536,W1DR3336,A2448,SA2460(12),MWS3336
W918,W24-2D18,WBC3927,SW948(12),SW2448(12)-2D,W2DR1854,W2DR3654,W1DR1836,W1DR3636,A2130-LS,SA2163(12),MWS3636
W1218,W2718,WBC4227,SW1248(12),SW2748(12),W2DR2154,W2DR2457-2D,W1DR2136,W1DR2439-2D,A2430-LS,SA2463(12),MWS2439-2D
W1518,W3018,WBC4527,SW1548(12),SW3048(12),W2DR22.554,W2DR2757,W1DR22.536,W1DR2739,A2133-LS,SA2166(12),MWS2739
W1818,W3318,WBC4827,SW1848(12),SW3348(12),W2DR2454,W2DR3057,W1DR2436,W1DR3039,A2433-LS,SA2466(12),MWS3039
W2118,W3618,WBC2430,SW2148(12),SW3648(12),W2DR1257,W2DR3357,W1DR1239,W1DR3339,A2136-LS,SA2142(15),MWS3339
W22.518,W3918,WBC2730,SW22.548(12),SW3948(12),W2DR1557,W2DR3657,W1DR1539,W1DR3639,A2436-LS,SA2442(15),MWS3639
W2418,W4218,WBC3030,SW2448(12),SW4248(12),W2DR1857,W2DR2460-2D,W1DR1839,W1DR2442-2D,A2139-LS,SA2145(15),MWS2442-2D
W921,W24-2D21,WBC3330,SW951(12),SW2451(12)-2D,W2DR2157,W2DR2760,W1DR2139,W1DR2742,A2439-LS,SA2445(15),MWS2742
W1221,W2721,WBC3630,SW1251(12),SW2751(12),W2DR22.557,W2DR3060,W1DR22.539,W1DR3042,A2142-LS,SA2148(15),MWS3042
W1521,W3021,WBC3930,SW1551(12),SW3051(12),W2DR2457,W2DR3360,W1DR2439,W1DR3342,A2442-LS,SA2448(15),MWS3342
W1821,W3321,WBC4230,SW1851(12),SW3351(12),W2DR1260,W2DR3660,W1DR1242,W1DR3642,A2145-LS,SA2151(15),MWS3642
W2121,W3621,WBC4530,SW2151(12),SW3651(12),W2DR1560,W2DR2463-2D,W1DR1542,W1DR2445-2D,A2445-LS,SA2451(15),MWS2445-2D
W22.521,W3921,WBC4830,SW22.551(12),SW3951(12),W2DR1860,W2DR2763,W1DR1842,W1DR2745,A2148-LS,SA2154(15),MWS2745
W2421,W4221,WBC2433,SW2451(12),SW4251(12),W2DR2160,W2DR3063,W1DR2142,W1DR3045,A2448-LS,SA2454(15),MWS3045
W924,W24-2D24,WBC2733,SW954(12),SW2454(12)-2D,W2DR22.560,W2DR3363,W1DR22.542,W1DR3345,,SA2157(15),MWS3345
W1224,W2724,WBC3033,SW1254(12),SW2754(12),W2DR2460,W2DR3663,W1DR2442,W1DR3645,,SA2457(15),MWS3645
W1524,W3024,WBC3333,SW1554(12),SW3054(12),W2DR1263,W2DR2466-2D,W1DR1245,W1DR2448-2D,,SA2160(15),MWS2448-2D
W1824,W3324,WBC3633,SW1854(12),SW3354(12),W2DR1563,W2DR2766,W1DR1545,W1DR2748,,SA2460(15),MWS2748
W2124,W3624,WBC3933,SW2154(12),SW3654(12),W2DR1863,W2DR3066,W1DR1845,W1DR3048,,SA2163(15),MWS3048
W22.524,W3924,WBC4233,SW22.554(12),SW3954(12),W2DR2163,W2DR3366,W1DR2145,W1DR3348,,SA2463(15),MWS3348
W2424,W4224,WBC4533,SW2454(12),SW4254(12),W2DR22.563,W2DR3666,W1DR22.545,W1DR3648,,SA2166(15),MWS3648
W927,W24-2D27,WBC4833,SW957(12),SW2457(12)-2D,W2DR2463,,W1DR2445,W1DR2451-2D,,SA2466(15),
W1227,W2727,WBC2436,SW1257(12),SW2757(12),W2DR1266,,W1DR1248,W1DR2751,,SA2142(18),
W1527,W3027,WBC2736,SW1557(12),SW3057(12),W2DR1566,,W1DR1548,W1DR3051,,SA2442(18),
W1827,W3327,WBC3036,SW1857(12),SW3357(12),W2DR1866,,W1DR1848,W1DR3351,,SA2145(18),
W2127,W3627,WBC3336,SW2157(12),SW3657(12),W2DR2166,,W1DR2148,W1DR3651,,SA2445(18),
W22.527,W3927,WBC3636,SW22.557(12),SW3957(12),W2DR22.566,,W1DR22.548,W1DR2454-2D,,SA2148(18),
W2427,W4227,WBC3936,SW2457(12),SW4257(12),W2DR2466,,W1DR2448,W1DR2754,,SA2448(18),
W930,W24-2D30,WBC4236,SW960(12),SW2460(12)-2D,,,W1DR1251,W1DR3054,,SA2151(18),
W1230,W2730,WBC4536,SW1260(12),SW2760(12),,,W1DR1551,W1DR3354,,SA2451(18),
W1530,W3030,WBC4836,SW1560(12),SW3060(12),,,W1DR1851,W1DR3654,,SA2154(18),
W1830,W3330,WBC2439,SW1860(12),SW3360(12),,,W1DR2151,W1DR2457-2D,,SA2454(18),
W2130,W3630,WBC2739,SW2160(12),SW3660(12),,,W1DR22.551,W1DR2757,,SA2157(18),
W22.530,W3930,WBC3039,SW22.560(12),SW3960(12),,,W1DR2451,W1DR3057,,SA2457(18),
W2430,W4230,WBC3339,SW2460(12),SW4260(12),,,W1DR1254,W1DR3357,,SA2160(18),
W933,W24-2D33,WBC3639,SW963(12),SW2463(12)-2D,,,W1DR1554,W1DR3657,,SA2460(18),
W1233,W2733,WBC3939,SW1263(12),SW2763(12),,,W1DR1854,W1DR2460-2D,,SA2163(18),
W1533,W3033,WBC4239,SW1563(12),SW3063(12),,,W1DR2154,W1DR2760,,SA2463(18),
W1833,W3333,WBC4539,SW1863(12),SW3363(12),,,W1DR22.554,W1DR3060,,SA2166(18),
W2133,W3633,WBC4839,SW2163(12),SW3663(12),,,W1DR2454,W1DR3360,,SA2466(18),
W22.533,W3933,WBC2442,SW22.563(12),SW3963(12),,,W1DR1257,W1DR3660,,SA2142(21),
W2433,W4233,WBC2742,SW2463(12),SW4263(12),,,W1DR1557,W1DR2466-2D,,SA2442(21),
W936,W24-2D36,WBC3042,SW966(12),SW2466(12)-2D,,,W1DR1857,W1DR2766,,SA2145(21),
W1236,W2736,WBC3342,SW1266(12),SW2766(12),,,W1DR2157,W1DR3066,,SA2445(21),
W1536,W3036,WBC3642,SW1566(12),SW3066(12),,,W1DR22.557,W1DR3366,,SA2148(21),
W1836,W3336,WBC3942,SW1866(12),SW3366(12),,,W1DR2457,W1DR3666,,SA2448(21),
W2136,W3636,WBC4242,SW2166(12),SW3666(12),,,W1DR1260,,,SA2151(21),
W22.536,W3936,WBC4542,SW22.566(12),SW3966(12),,,W1DR1560,,,SA2451(21),
W2436,W4236,WBC4842,SW2466(12),SW4266(12),,,W1DR1860,,,SA2154(21),
W939,W24-2D39,WBC2448,SW942(15),SW2442(15)-2D,,,W1DR2160,,,SA2454(21),
W1236,W2739,WBC2748,SW1242(15),SW2742(15),,,W1DR22.560,,,SA2157(21),
W1539,W3039,WBC3048,SW1542(15),SW3042(15),,,W1DR2460,,,SA2457(21),
W1839,W3339,WBC3348,SW1842(15),SW3342(15),,,W1DR1266,,,SA2160(21),
W2139,W3639,WBC3648,SW2142(15),SW3642(15),,,W1DR1566,,,SA2460(21),
W22.539,W3939,WBC3948,SW22.542(15),SW3942(15),,,W1DR1866,,,SA2163(21),
W2439,W4239,WBC4248,SW2442(15),SW4242(15),,,W1DR2166,,,SA2463(21),
W942,W24-2D42,WBC4548,SW945(15),SW2445(15)-2D,,,W1DR22.566,,,SA2166(21),
W1242,W2742,WBC4848,SW1245(15),SW2745(15),,,W1DR2466,,,SA2466(21),
W1542,W3042,,SW1545(15),SW3045(15),,,,,,,
W1842,W3342,,SW1845(15),SW3345(15),,,,,,,
W2142,W3642,,SW2145(15),SW3645(15),,,,,,,
W22.542,W3942,,SW22.545(15),SW3945(15),,,,,,,
W2442,W4242,,SW2445(15),SW4245(15),,,,,,,
W945,W24-2D45,,SW948(15),SW2448(15)-2D,,,,,,,
W1245,W2745,,SW1248(15),SW2748(15),,,,,,,
W1545,W3045,,SW1548(15),SW3048(15),,,,,,,
W1845,W3345,,SW1848(15),SW3348(15),,,,,,,
W2145,W3645,,SW2148(15),SW3648(15),,,,,,,
W22.545,W3945,,SW22.548(15),SW3948(15),,,,,,,
W2445,W4245,,SW2448(15),SW4248(15),,,,,,,
W948,W24-2D48,,SW951(15),SW2451(15)-2D,,,,,,,
W1248,W2748,,SW1251(15),SW2751(15),,,,,,,
W1548,W3048,,SW1551(15),SW3051(15),,,,,,,
W1848,W3348,,SW1851(15),SW3351(15),,,,,,,
W2148,W3648,,SW2151(15),SW3651(15),,,,,,,
W22.548,W3948,,SW22.551(15),SW3951(15),,,,,,,
W2448,W4248,,SW2451(15),SW4251(15),,,,,,,
,RW3012,,SW954(15),SW2454(15)-2D,,,,,,,
,RW3312,,SW1254(15),SW2754(15),,,,,,,
,RW3612,,SW1554(15),SW3054(15),,,,,,,
,RW3712,,SW1854(15),SW3354(15),,,,,,,
,RW3912,,SW2154(15),SW3654(15),,,,,,,
,RW4212,,SW22.554(15),SW3954(15),,,,,,,
,RW4512,,SW2454(15),SW4254(15),,,,,,,
,RW4812,,SW957(15),SW2457(15)-2D,,,,,,,
,RW3015,,SW1257(15),SW2757(15),,,,,,,
,RW3315,,SW1557(15),SW3057(15),,,,,,,
,RW3615,,SW1857(15),SW3357(15),,,,,,,
,RW3715,,SW2157(15),SW3657(15),,,,,,,
,RW3915,,SW22.557(15),SW3957(15),,,,,,,
,RW4215,,SW2457(15),SW4257(15),,,,,,,
,RW4515,,SW960(15),SW2460(15)-2D,,,,,,,
,RW4815,,SW1260(15),SW2760(15),,,,,,,
,RW3018,,SW1560(15),SW3060(15),,,,,,,
,RW3318,,SW1860(15),SW3360(15),,,,,,,
,RW3618,,SW2160(15),SW3660(15),,,,,,,
,RW3718,,SW22.560(15),SW3960(15),,,,,,,
,RW3918,,SW2460(15),SW4260(15),,,,,,,
,RW4218,,SW963(15),SW2463(15)-2D,,,,,,,
,RW4518,,SW1263(15),SW2763(15),,,,,,,
,RW4818,,SW1563(15),SW3063(15),,,,,,,
,RW3021,,SW1863(15),SW3363(15),,,,,,,
,RW3321,,SW2163(15),SW3663(15),,,,,,,
,RW3621,,SW22.563(15),SW3963(15),,,,,,,
,RW3721,,SW2463(15),SW4263(15),,,,,,,
,RW3921,,SW966(15),SW2466(15)-2D,,,,,,,
,RW4221,,SW1266(15),SW2766(15),,,,,,,
,RW4521,,SW1566(15),SW3066(15),,,,,,,
,RW4821,,SW1866(15),SW3366(15),,,,,,,
,RW3024,,SW2166(15),SW3666(15),,,,,,,
,RW3324,,SW22.566(15),SW3966(15),,,,,,,
,RW3624,,SW2466(15),SW4266(15),,,,,,,
,RW3724,,SW942(18),SW2442(18)-2D,,,,,,,
,RW3924,,SW1242(18),SW2742(18),,,,,,,
,RW4224,,SW1542(18),SW3042(18),,,,,,,
,RW4524,,SW1842(18),SW3342(18),,,,,,,
,RW4824,,SW2142(18),SW3642(18),,,,,,,
,RW3027,,SW22.542(18),SW3942(18),,,,,,,
,RW3327,,SW2442(18),SW4242(18),,,,,,,
,RW3627,,SW945(18),SW2445(18)-2D,,,,,,,
,RW3727,,SW1245(18),SW2745(18),,,,,,,
,RW3927,,SW1545(18),SW3045(18),,,,,,,
,RW4227,,SW1845(18),SW3345(18),,,,,,,
,RW4527,,SW2145(18),SW3645(18),,,,,,,
,RW4827,,SW22.545(18),SW3945(18),,,,,,,
,RW3030,,SW2445(18),SW4245(18),,,,,,,
,RW3330,,SW948(18),SW2448(18)-2D,,,,,,,
,RW3630,,SW1248(18),SW2748(18),,,,,,,
,RW3730,,SW1548(18),SW3048(18),,,,,,,
,RW3930,,SW1848(18),SW3348(18),,,,,,,
,RW4230,,SW2148(18),SW3648(18),,,,,,,
,RW4530,,SW22.548(18),SW3948(18),,,,,,,
,RW4830,,SW2448(18),SW4248(18),,,,,,,
,RW3033,,SW951(18),SW2451(18)-2D,,,,,,,
,RW3333,,SW1251(18),SW2751(18),,,,,,,
,RW3633,,SW1551(18),SW3051(18),,,,,,,
,RW3733,,SW1851(18),SW3351(18),,,,,,,
,RW3933,,SW2151(18),SW3651(18),,,,,,,
,RW4233,,SW22.551(18),SW3951(18),,,,,,,
,RW4533,,SW2451(18),SW4251(18),,,,,,,
,RW4833,,SW954(18),SW2454(18)-2D,,,,,,,
,RW3036,,SW1254(18),SW2754(18),,,,,,,
,RW3336,,SW1554(18),SW3054(18),,,,,,,
,RW3636,,SW1854(18),SW3354(18),,,,,,,
,RW3736,,SW2154(18),SW3654(18),,,,,,,
,RW3936,,SW22.554(18),SW3954(18),,,,,,,
,RW4236,,SW2454(18),SW4254(18),,,,,,,
,RW4536,,SW957(18),SW2457(18)-2D,,,,,,,
,RW4836,,SW1257(18),SW2757(18),,,,,,,
,RW3039,,SW1557(18),SW3057(18),,,,,,,
,RW3339,,SW1857(18),SW3357(18),,,,,,,
,RW3639,,SW2157(18),SW3657(18),,,,,,,
,RW3739,,SW22.557(18),SW3957(18),,,,,,,
,RW3939,,SW2457(18),SW4257(18),,,,,,,
,RW4239,,SW960(18),SW2460(18)-2D,,,,,,,
,RW4539,,SW1260(18),SW2760(18),,,,,,,
,RW4839,,SW1560(18),SW3060(18),,,,,,,
,RW3042,,SW1860(18),SW3360(18),,,,,,,
,RW3342,,SW2160(18),SW3660(18),,,,,,,
,RW3642,,SW22.560(18),SW3960(18),,,,,,,
,RW3742,,SW2460(18),SW4260(18),,,,,,,
,RW3942,,SW963(18),SW2463(18)-2D,,,,,,,
,RW4242,,SW1263(18),SW2763(18),,,,,,,
,RW4542,,SW1563(18),SW3063(18),,,,,,,
,RW4842,,SW1863(18),SW3363(18),,,,,,,
,RW3012-27,,SW2163(18),SW3663(18),,,,,,,
,RW3312-27,,SW22.563(18),SW3963(18),,,,,,,
,RW3612-27,,SW2463(18),SW4263(18),,,,,,,
,RW3712-27,,SW966(18),SW2466(18)-2D,,,,,,,
,RW3912-27,,SW1266(18),SW2766(18),,,,,,,
,RW4212-27,,SW1566(18),SW3066(18),,,,,,,
,RW4512-27,,SW1866(18),SW3366(18),,,,,,,
,RW4812-27,,SW2166(18),SW3666(18),,,,,,,
,RW3015-27,,SW22.566(18),SW3966(18),,,,,,,
,RW3315-27,,SW2466(18),SW4266(18),,,,,,,
,RW3615-27,,SW942(21),SW2442(21)-2D,,,,,,,
,RW3715-27,,SW1242(21),SW2742(21),,,,,,,
,RW3915-27,,SW1542(21),SW3042(21),,,,,,,
,RW4215-27,,SW1842(21),SW3342(21),,,,,,,
,RW4515-27,,SW2142(21),SW3642(21),,,,,,,
,RW4815-27,,SW22.542(21),SW3942(21),,,,,,,
,RW3018-27,,SW2442(21),SW4242(21),,,,,,,
,RW3318-27,,SW945(21),SW2445(21)-2D,,,,,,,
,RW3618-27,,SW1245(21),SW2745(21),,,,,,,
,RW3718-27,,SW1545(21),SW3045(21),,,,,,,
,RW3918-27,,SW1845(21),SW3345(21),,,,,,,
,RW4218-27,,SW2145(21),SW3645(21),,,,,,,
,RW4518-27,,SW22.545(21),SW3945(21),,,,,,,
,RW4818-27,,SW2445(21),SW4245(21),,,,,,,
,RW3021-27,,SW948(21),SW2448(21)-2D,,,,,,,
,RW3321-27,,SW1248(21),SW2748(21),,,,,,,
,RW3621-27,,SW1548(21),SW3048(21),,,,,,,
,RW3721-27,,SW1848(21),SW3348(21),,,,,,,
,RW3921-27,,SW2148(21),SW3648(21),,,,,,,
,RW4221-27,,SW22.548(21),SW3948(21),,,,,,,
,RW4521-27,,SW2448(21),SW4248(21),,,,,,,
,RW4821-27,,SW951(21),SW2451(21)-2D,,,,,,,
,RW3024-27,,SW1251(21),SW2751(21),,,,,,,
,RW3324-27,,SW1551(21),SW3051(21),,,,,,,
,RW3624-27,,SW1851(21),SW3351(21),,,,,,,
,RW3724-27,,SW2151(21),SW3651(21),,,,,,,
,RW3924-27,,SW22.551(21),SW3951(21),,,,,,,
,RW4224-27,,SW2451(21),SW4251(21),,,,,,,
,RW4524-27,,SW954(21),SW2454(21)-2D,,,,,,,
,RW4824-27,,SW1254(21),SW2754(21),,,,,,,
,RW3027-27,,SW1554(21),SW3054(21),,,,,,,
,RW3327-27,,SW1854(21),SW3354(21),,,,,,,
,RW3627-27,,SW2154(21),SW3654(21),,,,,,,
,RW3727-27,,SW22.554(21),SW3954(21),,,,,,,
,RW3927-27,,SW2454(21),SW4254(21),,,,,,,
,RW4227-27,,SW957(21),SW2457(21)-2D,,,,,,,
,RW4527-27,,SW1257(21),SW2757(21),,,,,,,
,RW4827-27,,SW1557(21),SW3057(21),,,,,,,
,RW3030-27,,SW1857(21),SW3357(21),,,,,,,
,RW3330-27,,SW2157(21),SW3657(21),,,,,,,
,RW3630-27,,SW22.557(21),SW3957(21),,,,,,,
,RW3730-27,,SW2457(21),SW4257(21),,,,,,,
,RW3930-27,,SW960(21),SW2460(21)-2D,,,,,,,
,RW4230-27,,SW1260(21),SW2760(21),,,,,,,
,RW4530-27,,SW1560(21),SW3060(21),,,,,,,
,RW4830-27,,SW1860(21),SW3360(21),,,,,,,
,RW3033-27,,SW2160(21),SW3660(21),,,,,,,
,RW3333-27,,SW22.560(21),SW3960(21),,,,,,,
,RW3633-27,,SW2460(21),SW4260(21),,,,,,,
,RW3733-27,,SW963(21),SW2463(21)-2D,,,,,,,
,RW3933-27,,SW1263(21),SW2763(21),,,,,,,
,RW4233-27,,SW1563(21),SW3063(21),,,,,,,
,RW4533-27,,SW1863(21),SW3363(21),,,,,,,
,RW4833-27,,SW2163(21),SW3663(21),,,,,,,
,RW3036-27,,SW22.563(21),SW3963(21),,,,,,,
,RW3336-27,,SW2463(21),SW4263(21),,,,,,,
,RW3636-27,,SW966(21),SW2466(21)-2D,,,,,,,
,RW3736-27,,SW1266(21),SW2766(21),,,,,,,
,RW3936-27,,SW1566(21),SW3066(21),,,,,,,
,RW4236-27,,SW1866(21),SW3366(21),,,,,,,
,RW4536-27,,SW2166(21),SW3666(21),,,,,,,
,RW4836-27,,SW22.566(21),SW3966(21),,,,,,,
,RW3039-27,,SW2466(21),SW4266(21),,,,,,,
,RW3339-27,,,,,,,,,,
,RW3639-27,,,,,,,,,,
,RW3739-27,,,,,,,,,,
,RW3939-27,,,,,,,,,,
,RW4239-27,,,,,,,,,,
,RW4539-27,,,,,,,,,,
,RW4839-27,,,,,,,,,,
,RW3042-27,,,,,,,,,,
,RW3342-27,,,,,,,,,,
,RW3642-27,,,,,,,,,,
,RW3742-27,,,,,,,,,,
,RW3942-27,,,,,,,,,,
,RW4242-27,,,,,,,,,,
,RW4542-27,,,,,,,,,,
,RW4842-27,,,,,,,,,,
,RW3012-30,,,,,,,,,,
,RW3312-30,,,,,,,,,,
,RW3612-30,,,,,,,,,,
,RW3712-30,,,,,,,,,,
,RW3912-30,,,,,,,,,,
,RW4212-30,,,,,,,,,,
,RW4512-30,,,,,,,,,,
,RW4812-30,,,,,,,,,,
,RW3015-30,,,,,,,,,,
,RW3315-30,,,,,,,,,,
,RW3615-30,,,,,,,,,,
,RW3715-30,,,,,,,,,,
,RW3915-30,,,,,,,,,,
,RW4215-30,,,,,,,,,,
,RW4515-30,,,,,,,,,,
,RW4815-30,,,,,,,,,,
,RW3018-30,,,,,,,,,,
,RW3318-30,,,,,,,,,,
,RW3618-30,,,,,,,,,,
,RW3718-30,,,,,,,,,,
,RW3918-30,,,,,,,,,,
,RW4218-30,,,,,,,,,,
,RW4518-30,,,,,,,,,,
,RW4818-30,,,,,,,,,,
,RW3021-30,,,,,,,,,,
,RW3321-30,,,,,,,,,,
,RW3621-30,,,,,,,,,,
,RW3721-30,,,,,,,,,,
,RW3921-30,,,,,,,,,,
,RW4221-30,,,,,,,,,,
,RW4521-30,,,,,,,,,,
,RW4821-30,,,,,,,,,,
,RW3024-30,,,,,,,,,,
,RW3324-30,,,,,,,,,,
,RW3624-30,,,,,,,,,,
,RW3724-30,,,,,,,,,,
,RW3924-30,,,,,,,,,,
,RW4224-30,,,,,,,,,,
,RW4524-30,,,,,,,,,,
,RW4824-30,,,,,,,,,,
,RW3027-30,,,,,,,,,,
,RW3327-30,,,,,,,,,,
,RW3627-30,,,,,,,,,,
,RW3727-30,,,,,,,,,,
,RW3927-30,,,,,,,,,,
,RW4227-30,,,,,,,,,,
,RW4527-30,,,,,,,,,,
,RW4827-30,,,,,,,,,,
,RW3030-30,,,,,,,,,,
,RW3330-30,,,,,,,,,,
,RW3630-30,,,,,,,,,,
,RW3730-30,,,,,,,,,,
,RW3930-30,,,,,,,,,,
,RW4230-30,,,,,,,,,,
,RW4530-30,,,,,,,,,,
,RW4830-30,,,,,,,,,,
,RW3033-30,,,,,,,,,,
,RW3333-30,,,,,,,,,,
,RW3633-30,,,,,,,,,,
,RW3733-30,,,,,,,,,,
,RW3933-30,,,,,,,,,,
,RW4233-30,,,,,,,,,,
,RW4533-30,,,,,,,,,,
,RW4833-30,,,,,,,,,,
,RW3036-30,,,,,,,,,,
,RW3336-30,,,,,,,,,,
,RW3636-30,,,,,,,,,,
,RW3736-30,,,,,,,,,,
,RW3936-30,,,,,,,,,,
,RW4236-30,,,,,,,,,,
,RW4536-30,,,,,,,,,,
,RW4836-30,,,,,,,,,,
,RW3039-30,,,,,,,,,,
,RW3339-30,,,,,,,,,,
,RW3639-30,,,,,,,,,,
,RW3739-30,,,,,,,,,,
,RW3939-30,,,,,,,,,,
,RW4239-30,,,,,,,,,,
,RW4539-30,,,,,,,,,,
,RW4839-30,,,,,,,,,,
,RW3042-30,,,,,,,,,,
,RW3342-30,,,,,,,,,,
,RW3642-30,,,,,,,,,,
,RW3742-30,,,,,,,,,,
,RW3942-30,,,,,,,,,,
,RW4242-30,,,,,,,,,,
,RW4542-30,,,,,,,,,,
,RW4842-30,,,,,,,,,,
