YTH-W-Blind One Door,YTH-W-Blind Two Door,YTH-W-Corner Diagonal One Door,YTH-W-Corner Diagonal Two Stacked Door Small Bottom,YTH-W-Corner Diagonal Two Stacked Door Small Top,YTH-W-Corner,YTH-W-Four Door,YTH-W-One Door One Drawer,YTH-W-One Door Two Stacked Drawer Bottom,YTH-W-One Door,YTH-W-Special,YTH-W-Two Door One Drawer Bottom,YTH-W-Two Door Stacked One Door Small Bottom,YTH-W-Two Door Stacked Two Door Small Bottom,YTH-W-Two Door Stacked Two Door Small Top,YTH-W-Two Door Two Stacked Drawer Bottom,YTH-W-Two Door,YTH-W-Two Stacked Door Small Bottom,YTH-W-Two Stacked Door Small Top
WBC2430,WBC3930B,13DW2124,13DWDAG2448,13DWST2148,SCW2524,W4812F,WDC1548,WDT1548,W1212,18BMW2430B,WDC2448B,WTDAG2448B,WVLDAG2448B,WST2448B,WDT2448B,W2412B,WVLDAG1848,WST1248
WBC2730,WBC4230B,13DW2424,13DWDAG2548,13DWST2448,SCW2530,W4815F,WDC1848,WDT1848,W1512,18BMW2730B,WDC2748B,WTDAG2748B,WVLDAG2748B,WST2748B,WDT2748B,W2712B,WVLDAG2148,WST1548
WBC3030,WBC4530B,13DW2524,13DWDAG2748,15DWST2748,SCW2533,W4818F,WDC2148,WDT2148,W1812,18BMW3030B,WDC3048B,WTDAG2451B,WVLDAG3048B,WST3048B,WDT3048B,W3012B,WVLDAG2448,WST1848
WBC3330,WBC4830B,13DW2724,15DWDAG2748,13DWST2151,SCW2536,W4824F,WDC2448,WDT2448,W2112,18BMW3330B,WDC3348B,WTDAG2751B,WVLDAG3348B,WST3348B,WDT3348B,W3312B,WVLDAG1851,WST2148
WBC3630,WBC3933B,15DW2724,16DWDAG2748,13DWST2451,SCW2539,W4830F,WDC1551,WDT1551,W1215,18BMW3630B,WDC3648B,WTDAG2454B,WVLDAG3648B,WST3648B,WDT3648B,W3612B,WVLDAG2151,WST2448
WBC2433,WBC4233B,16DW2724,16DWDAG2848,15DWST2751,SCW2542,W4833F,WDC1851,WDT1851,W1515,18BMW2433B,WDC2451B,WTDAG2754B,WVLDAG2451B,WST2451B,WDT2451B,W2415B,WVLDAG2451,WST1251
WBC2733,WBC4533B,16DW2824,13DWDAG2451,13DWST2154,WODSCW2530,W4836F,WDC2151,WDT2151,W1815,18BMW2733B,WDC2751B,WTDAG2457B,WVLDAG2751B,WST2751B,WDT2751B,W2715B,WVLDAG1854,WST1551
WBC3033,WBC4833B,13DW2130,13DWDAG2551,13DWST2454,WODSCW2533,W4839F,WDC2451,WDT2451,W2115,18BMW3033B,WDC3051B,WTDAG2757B,WVLDAG3051B,WST3051B,WDT3051B,W3015B,WVLDAG2154,WST1851
WBC3333,WBC4230,13DW2430,13DWDAG2751,15DWST2754,WODSCW2536,W4842F,WDC1554,WDT1554,W2415,18BMW3333B,WDC3351B,WTDAG2460B,WVLDAG3351B,WST3351B,WDT3351B,W3315B,WVLDAG2454,WST2151
WBC3633,WBC4530,13DW2530,15DWDAG2751,13DWST2157,WODSCW2539,W4848F,WDC1854,WDT1854,W1218,18BMW3633B,WDC3651B,WTDAG2760B,WVLDAG3651B,WST3651B,WDT3651B,W3615B,WVLDAG1857,WST2451
WBC2436,WBC4830,13DW2730,16DWDAG2751,13DWST2457,WODSCW2542,24W4812F,WDC2154,WDT2154,W1518,18BMW2436B,WDC2454B,,WVLDAG2454B,WST2454B,WDT2454B,W2418B,WVLDAG2157,WST1254
WBC2736,WBC4233,15DW2730,16DWDAG2851,15DWST2757,ACW22L25R24,24W4815F,WDC2454,WDT2454,W1818,18BMW2736B,WDC2754B,,WVLDAG2754B,WST2754B,WDT2754B,W2718B,WVLDAG2457,WST1554
WBC3036,WBC4533,16DW2730,13DWDAG2454,13DWST2160,ACW22L25R30,24W4818F,WDC1557,WDT1557,W2118,18BMW3036B,WDC3054B,,WVLDAG3054B,WST3054B,WDT3054B,W3018B,WVLDAG1860,WST1854
WBC3336,WBC4833,16DW2830,13DWDAG2554,13DWST2460,ACW22L25R33,24W4824F,WDC1857,WDT1857,W2418,18BMW3336B,WDC3354B,,WVLDAG3354B,WST3354B,WDT3354B,W3318B,WVLDAG2160,WST2154
WBC3636,,13DW2133,13DWDAG2754,15DWST2760,ACW22L25R36,,WDC2157,WDT2157,W1524,18BMW3636B,WDC3654B,,WVLDAG3654B,WST3654B,WDT3654B,W3418B,WVLDAG2460,WST2454
WBC2439,,13DW2433,15DWDAG2754,,ACW22L25R39,,WDC2457,WDT2457,W1824,18BMW2439B,WDC2457B,,WVLDAG2457B,WST2457B,WDT2457B,W3618B,WTDAG1548,WST1257
WBC2739,,13DW2533,16DWDAG2754,,ACW22L25R42,,WDC1560,WDT1560,W2124,18BMW2739B,WDC2757B,,WVLDAG2757B,WST2757B,WDT2757B,W3718B,WTDAG1848,WST1557
WBC3039,,13DW2733,16DWDAG2854,,ACW25L22R24,,WDC1860,WDT1860,W2424,18BMW3039B,WDC3057B,,WVLDAG3057B,WST3057B,WDT3057B,W2421B,WTDAG2148,WST1857
WBC3339,,15DW2733,13DWDAG2457,,ACW25L22R30,,WDC2160,WDT2160,W0930,18BMW3339B,WDC3357B,,WVLDAG3357B,WST3357B,WDT3357B,W2721B,WTDAG2448,WST2157
WBC3639,,16DW2733,13DWDAG2557,,ACW25L22R33,,WDC2460,WDT2460,W1230,18BMW3639B,WDC3657B,,WVLDAG3657B,WST3657B,WDT3657B,W3021B,WTDAG1551,WST2457
WBC2442,,16DW2833,13DWDAG2757,,ACW25L22R36,,,,W1530,18BMW2442B,WDC2460B,,WVLDAG2460B,WST2460B,WDT2460B,W3321B,WTDAG1851,WST1260
WBC2742,,13DW2136,15DWDAG2757,,ACW25L22R39,,,,W1830,18BMW2742B,WDC2760B,,WVLDAG2760B,WST2760B,WDT2760B,W3421B,WTDAG2151,WST1560
WBC3042,,13DW2436,16DWDAG2757,,ACW25L22R42,,,,W2130,18BMW3042B,WDC3060B,,WVLDAG3060B,WST3060B,WDT3060B,W3621B,WTDAG2451,WST1860
WBC3342,,13DW2536,16DWDAG2857,,,,,,W2430,18BMW3342B,WDC3360B,,WVLDAG3360B,WST3360B,WDT3360B,W3721B,WTDAG1554,WST2160
WBC3642,,13DW2736,13DWDAG2460,,,,,,W0933,18BMW3642B,WDC3660B,,WVLDAG3660B,WST3660B,WDT3660B,W2424B,WTDAG1854,WST2460
WBC2448,,15DW2736,13DWDAG2560,,,,,,W1233,21BMW2430B,WDC3048,,WDAG2448B,WST3048,WDT3048,W2724B,WTDAG2154,
WBC2748,,16DW2736,13DWDAG2760,,,,,,W1533,21BMW2730B,WDC3348,,WDAG2748B,WST3348,WDT3348,W3024B,WTDAG2454,
WBC3048,,16DW2836,15DWDAG2760,,,,,,W1833,21BMW3030B,WDC3648,,WDAG3048B,WST3648,WDT3648,W3324B,WTDAG1557,
WBC3348,,13DW2139,16DWDAG2760,,,,,,W2133,21BMW3330B,WDC3051,,WDAG3348B,WST3051,WDT3051,W3424B,WTDAG1857,
WBC3648,,13DW2439,16DWDAG2860,,,,,,W2433,21BMW3630B,WDC3351,,WDAG3648B,WST3351,WDT3351,W3624B,WTDAG2157,
,,13DW2539,13LDWDAG2448,,,,,,W0936,21BMW2433B,WDC3651,,WDAG2451B,WST3651,WDT3651,W3724B,WTDAG2457,
,,13DW2739,13LDWDAG2548,,,,,,W1236,21BMW2733B,WDC3054,,WDAG2751B,WST3054,WDT3054,W2427B,WTDAG1560,
,,15DW2739,13LDWDAG2748,,,,,,W1536,21BMW3033B,WDC3354,,WDAG3051B,WST3354,WDT3354,W2727B,WTDAG1860,
,,16DW2739,15LDWDAG2748,,,,,,W1836,21BMW3333B,WDC3654,,WDAG3351B,WST3654,WDT3654,W3027B,WTDAG2160,
,,16DW2839,16LDWDAG2748,,,,,,W2136,21BMW3633B,WDC3057,,WDAG3651B,WST3057,WDT3057,W3327B,WTDAG2460,
,,13DW2142,16LDWDAG2848,,,,,,W2436,21BMW2436B,WDC3357,,WDAG2454B,WST3357,WDT3357,W3427B,WDAG1548,
,,13DW2442,13LDWDAG2451,,,,,,W0939,21BMW2736B,WDC3657,,WDAG2754B,WST3657,WDT3657,W3627B,WDAG1848,
,,13DW2542,13LDWDAG2551,,,,,,W1239,21BMW3036B,WDC3060,,WDAG3054B,WST3060,WDT3060,W3727B,WDAG2148,
,,13DW2742,13LDWDAG2751,,,,,,W1539,21BMW3336B,WDC3360,,WDAG3354B,WST3360,WDT3360,W2430B,WDAG2448,
,,15DW2742,15LDWDAG2751,,,,,,W1839,21BMW3636B,WDC3660,,WDAG3654B,WST3660,WDT3660,W2730B,WDAG1551,
,,16DW2742,16LDWDAG2751,,,,,,W2139,21BMW2439B,,,WDAG2457B,,,W3030B,WDAG1851,
,,16DW2842,16LDWDAG2851,,,,,,W2439,21BMW2739B,,,WDAG2757B,,,W3330B,WDAG2151,
,,13DW2148,13LDWDAG2454,,,,,,W0942,21BMW3039B,,,WDAG3057B,,,W3630B,WDAG2451,
,,13DW2448,13LDWDAG2554,,,,,,W1242,21BMW3339B,,,WDAG3357B,,,W2433B,WDAG1554,
,,13DW2548,13LDWDAG2754,,,,,,W1542,21BMW3639B,,,WDAG3657B,,,W2733B,WDAG1854,
,,13DW2748,15LDWDAG2754,,,,,,W1842,21BMW2442B,,,WDAG2460B,,,W3033B,WDAG2154,
,,15DW2748,16LDWDAG2754,,,,,,W2142,21BMW2742B,,,WDAG2760B,,,W3333B,WDAG2454,
,,16DW2748,16LDWDAG2854,,,,,,W2442,21BMW3042B,,,WDAG3060B,,,W3633B,WDAG1557,
,,16DW2848,13LDWDAG2457,,,,,,W0948,21BMW3342B,,,WDAG3360B,,,W2436B,WDAG1857,
,,13LSDW2430,13LDWDAG2557,,,,,,W1248,21BMW3642B,,,WDAG3660B,,,W2736B,WDAG2157,
,,13LSDW2530,13LDWDAG2757,,,,,,W1548,18BMW3030,,,,,,W3036B,WDAG2457,
,,13LSDW2730,15LDWDAG2757,,,,,,W1848,18BMW3330,,,,,,W3336B,WDAG1560,
,,15LSDW2730,16LDWDAG2757,,,,,,W2148,18BMW3630,,,,,,W3636B,WDAG1860,
,,16LSDW2730,16LDWDAG2857,,,,,,W2448,18BMW3033,,,,,,W2439B,WDAG2160,
,,16LSDW2830,13LDWDAG2460,,,,,,24W1218,18BMW3333,,,,,,W2739B,WDAG2460,
,,13LSDW2433,13LDWDAG2560,,,,,,24W1518,18BMW3633,,,,,,W3039B,,
,,13LSDW2533,13LDWDAG2760,,,,,,24W1818,18BMW3036,,,,,,W3339B,,
,,13LSDW2733,15LDWDAG2760,,,,,,24W2118,18BMW3336,,,,,,W3639B,,
,,15LSDW2733,16LDWDAG2760,,,,,,24W2418,18BMW3636,,,,,,W2442B,,
,,16LSDW2733,16LDWDAG2860,,,,,,24W1524,18BMW3039,,,,,,W2742B,,
,,16LSDW2833,13LDWDAGW2448,,,,,,24W1824,18BMW3339,,,,,,W3042B,,
,,13LSDW2436,15LDWDAGW2748,,,,,,24W2124,18BMW3639,,,,,,W3342B,,
,,13LSDW2536,13LDWDAGW2451,,,,,,24W2424,18BMW3042,,,,,,W3642B,,
,,13LSDW2736,15LDWDAGW2751,,,,,,WVL1818,18BMW3342,,,,,,W2448B,,
,,15LSDW2736,13LDWDAGW2454,,,,,,WVL2118,18BMW3642,,,,,,W2748B,,
,,16LSDW2736,15LDWDAGW2754,,,,,,WVL2418,21BMW3030,,,,,,W3048B,,
,,16LSDW2836,13LDWDAGW2457,,,,,,WVL2718,21BMW3330,,,,,,W3348B,,
,,13LSDW2439,15LDWDAGW2757,,,,,,WVL1821,21BMW3630,,,,,,W3648B,,
,,13LSDW2539,13LDWDAGW2460,,,,,,WVL2121,21BMW3033,,,,,,24W2412B,,
,,13LSDW2739,15LDWDAGW2760,,,,,,WVL2421,21BMW3333,,,,,,24W2712B,,
,,15LSDW2739,,,,,,,WVL2721,21BMW3633,,,,,,24W3012B,,
,,16LSDW2739,,,,,,,24WVL1818,21BMW3036,,,,,,24W3312B,,
,,16LSDW2839,,,,,,,24WVL2118,21BMW3336,,,,,,24W3612B,,
,,13LSDW2442,,,,,,,24WVL2418,21BMW3636,,,,,,24W2415B,,
,,13LSDW2542,,,,,,,24WVL2718,21BMW3039,,,,,,24W2715B,,
,,13LSDW2742,,,,,,,24WVL1821,21BMW3339,,,,,,24W3015B,,
,,15LSDW2742,,,,,,,24WVL2121,21BMW3639,,,,,,24W3315B,,
,,16LSDW2742,,,,,,,24WVL2421,21BMW3042,,,,,,24W3615B,,
,,16LSDW2842,,,,,,,24WVL2721,21BMW3342,,,,,,24W2418B,,
,,13LSDWW2430,,,,,,,WLS1818,21BMW3642,,,,,,24W2718B,,
,,15LSDWW2730,,,,,,,WLS2118,PMW2430B,,,,,,24W3018B,,
,,13LSDWW2433,,,,,,,WLS2418,PMW2730B,,,,,,24W3318B,,
,,15LSDWW2733,,,,,,,WLS2718,PMW3030B,,,,,,24W3418B,,
,,13LSDWW2436,,,,,,,WLS1821,PMW2433B,,,,,,24W3618B,,
,,15LSDWW2736,,,,,,,WLS2121,PMW2733B,,,,,,24W3718B,,
,,13LSDWW2439,,,,,,,WLS2421,PMW3033B,,,,,,24W2421B,,
,,15LSDWW2739,,,,,,,WLS2721,PMW2436B,,,,,,24W2721B,,
,,13LSDWW2442,,,,,,,24WLS1818,PMW2736B,,,,,,24W3021B,,
,,15LSDWW2742,,,,,,,24WLS2118,PMW3036B,,,,,,24W3321B,,
,,,,,,,,,24WLS2418,PMW2439B,,,,,,24W3421B,,
,,,,,,,,,24WLS2718,PMW2739B,,,,,,24W3621B,,
,,,,,,,,,24WLS1821,PMW3039B,,,,,,24W3721B,,
,,,,,,,,,24WLS2121,PMW2442B,,,,,,24W2424B,,
,,,,,,,,,24WLS2421,PMW2742B,,,,,,24W2724B,,
,,,,,,,,,24WLS2721,PMW3042B,,,,,,24W3024B,,
,,,,,,,,,CW1248,PMW3030,,,,,,24W3324B,,
,,,,,,,,,CW1548,PMW3033,,,,,,24W3424B,,
,,,,,,,,,CW1848,PMW3036,,,,,,24W3624B,,
,,,,,,,,,CW2148,PMW3039,,,,,,24W3724B,,
,,,,,,,,,CW2448,PMW3042,,,,,,24W2427B,,
,,,,,,,,,CW1251,WCWS1212L,,,,,,24W2727B,,
,,,,,,,,,CW1551,WCWS1212R,,,,,,24W3027B,,
,,,,,,,,,CW1851,WCWS1515L,,,,,,24W3327B,,
,,,,,,,,,CW2151,WCWS1515R,,,,,,24W3427B,,
,,,,,,,,,CW2451,WCWS1818,,,,,,24W3627B,,
,,,,,,,,,CW1254,WCWS2121,,,,,,24W3727B,,
,,,,,,,,,CW1554,WCWS2424,,,,,,W3012,,
,,,,,,,,,CW1854,WCWS1224L,,,,,,W3312,,
,,,,,,,,,CW2154,WCWS1224R,,,,,,W3612,,
,,,,,,,,,CW2454,WCWS1530L,,,,,,W3912,,
,,,,,,,,,CW1257,WCWS1530R,,,,,,W4212,,
,,,,,,,,,CW1557,WCWS1836,,,,,,W3015,,
,,,,,,,,,CW1857,WCWS2142,,,,,,W3315,,
,,,,,,,,,CW2157,WCWS2448,,,,,,W3615,,
,,,,,,,,,CW2457,WR2415,,,,,,W3915,,
,,,,,,,,,CW1260,WR2715,,,,,,W4215,,
,,,,,,,,,CW1560,WR3015,,,,,,W3018,,
,,,,,,,,,CW1860,WR3315,,,,,,W3318,,
,,,,,,,,,CW2160,WR3615,,,,,,W3418,,
,,,,,,,,,CW2460,WR2418,,,,,,W3618,,
,,,,,,,,,6WMC1330,WR2718,,,,,,W3718,,
,,,,,,,,,6WMC1333,WR3018,,,,,,W3918,,
,,,,,,,,,6WMC1336,WR3318,,,,,,W4018,,
,,,,,,,,,6WMC1339,WR3618,,,,,,W4218,,
,,,,,,,,,6WMC1342,WR2424,,,,,,W4318,,
,,,,,,,,,6WMC1348,WR2724,,,,,,W4518,,
,,,,,,,,,WDSR1530,WR3024,,,,,,W3021,,
,,,,,,,,,WDSR1830,WR3324,,,,,,W3321,,
,,,,,,,,,WDSR2130,WR3624,,,,,,W3421,,
,,,,,,,,,WDSR2430,WR1530,,,,,,W3621,,
,,,,,,,,,WDSR1533,WR1830,,,,,,W3721,,
,,,,,,,,,WDSR1833,WR2130,,,,,,W3921,,
,,,,,,,,,WDSR2133,WR2430,,,,,,W4021,,
,,,,,,,,,WDSR2433,WR1533,,,,,,W4221,,
,,,,,,,,,WDSR1536,WR1833,,,,,,W4321,,
,,,,,,,,,WDSR1836,WR2133,,,,,,W4821,,
,,,,,,,,,WDSR2136,WR2433,,,,,,W3024,,
,,,,,,,,,WDSR2436,WR1536,,,,,,W3324,,
,,,,,,,,,WDSR1539,WR1836,,,,,,W3424,,
,,,,,,,,,WDSR1839,WR2136,,,,,,W3624,,
,,,,,,,,,WDSR2139,WR2436,,,,,,W3724,,
,,,,,,,,,WDSR2439,WR1539,,,,,,W3924,,
,,,,,,,,,WDSR1542,WR1839,,,,,,W4024,,
,,,,,,,,,WDSR1842,WR2139,,,,,,W4224,,
,,,,,,,,,WDSR2142,WR2439,,,,,,W4324,,
,,,,,,,,,WDSR2442,WR1542,,,,,,W4524,,
,,,,,,,,,13WPS0930,WR1842,,,,,,W4824,,
,,,,,,,,,13WPS1230,WR2142,,,,,,W3027,,
,,,,,,,,,15WPS0930,WR2442,,,,,,W3327,,
,,,,,,,,,15WPS1230,,,,,,,W3427,,
,,,,,,,,,WSRC0330,,,,,,,W3627,,
,,,,,,,,,WSRC0333,,,,,,,W3727,,
,,,,,,,,,WSRC0336,,,,,,,W3927,,
,,,,,,,,,WSRC0339,,,,,,,W4027,,
,,,,,,,,,WSRC0342,,,,,,,W4227,,
,,,,,,,,,WSRC0630,,,,,,,W4327,,
,,,,,,,,,WSRC0633,,,,,,,W4827,,
,,,,,,,,,WSRC0636,,,,,,,W3030,,
,,,,,,,,,WSRC0639,,,,,,,W3330,,
,,,,,,,,,WSRC0642,,,,,,,W3630,,
,,,,,,,,,,,,,,,,W3930,,
,,,,,,,,,,,,,,,,W4230,,
,,,,,,,,,,,,,,,,W4530,,
,,,,,,,,,,,,,,,,W4830,,
,,,,,,,,,,,,,,,,W3033,,
,,,,,,,,,,,,,,,,W3333,,
,,,,,,,,,,,,,,,,W3633,,
,,,,,,,,,,,,,,,,W3933,,
,,,,,,,,,,,,,,,,W4233,,
,,,,,,,,,,,,,,,,W4533,,
,,,,,,,,,,,,,,,,W4833,,
,,,,,,,,,,,,,,,,W3036,,
,,,,,,,,,,,,,,,,W3336,,
,,,,,,,,,,,,,,,,W3636,,
,,,,,,,,,,,,,,,,W3936,,
,,,,,,,,,,,,,,,,W4236,,
,,,,,,,,,,,,,,,,W4536,,
,,,,,,,,,,,,,,,,W4836,,
,,,,,,,,,,,,,,,,W3039,,
,,,,,,,,,,,,,,,,W3339,,
,,,,,,,,,,,,,,,,W3639,,
,,,,,,,,,,,,,,,,W3939,,
,,,,,,,,,,,,,,,,W4239,,
,,,,,,,,,,,,,,,,W4539,,
,,,,,,,,,,,,,,,,W4839,,
,,,,,,,,,,,,,,,,W3042,,
,,,,,,,,,,,,,,,,W3342,,
,,,,,,,,,,,,,,,,W3642,,
,,,,,,,,,,,,,,,,W3942,,
,,,,,,,,,,,,,,,,W4242,,
,,,,,,,,,,,,,,,,W4542,,
,,,,,,,,,,,,,,,,W4842,,
,,,,,,,,,,,,,,,,W3048,,
,,,,,,,,,,,,,,,,W3348,,
,,,,,,,,,,,,,,,,W3648,,
,,,,,,,,,,,,,,,,W3948,,
,,,,,,,,,,,,,,,,W4248,,
,,,,,,,,,,,,,,,,W4548,,
,,,,,,,,,,,,,,,,W4848,,
,,,,,,,,,,,,,,,,24W2412B,,
,,,,,,,,,,,,,,,,24W2712B,,
,,,,,,,,,,,,,,,,24W3012B,,
,,,,,,,,,,,,,,,,24W3312B,,
,,,,,,,,,,,,,,,,24W3612B,,
,,,,,,,,,,,,,,,,24W2415B,,
,,,,,,,,,,,,,,,,24W2715B,,
,,,,,,,,,,,,,,,,24W3015B,,
,,,,,,,,,,,,,,,,24W3315B,,
,,,,,,,,,,,,,,,,24W3615B,,
,,,,,,,,,,,,,,,,24W2418B,,
,,,,,,,,,,,,,,,,24W2718B,,
,,,,,,,,,,,,,,,,24W3018B,,
,,,,,,,,,,,,,,,,24W3318B,,
,,,,,,,,,,,,,,,,24W3418B,,
,,,,,,,,,,,,,,,,24W3618B,,
,,,,,,,,,,,,,,,,24W3718B,,
,,,,,,,,,,,,,,,,24W2421B,,
,,,,,,,,,,,,,,,,24W2721B,,
,,,,,,,,,,,,,,,,24W3021B,,
,,,,,,,,,,,,,,,,24W3321B,,
,,,,,,,,,,,,,,,,24W3421B,,
,,,,,,,,,,,,,,,,24W3621B,,
,,,,,,,,,,,,,,,,24W3721B,,
,,,,,,,,,,,,,,,,24W2424B,,
,,,,,,,,,,,,,,,,24W2724B,,
,,,,,,,,,,,,,,,,24W3024B,,
,,,,,,,,,,,,,,,,24W3324B,,
,,,,,,,,,,,,,,,,24W3424B,,
,,,,,,,,,,,,,,,,24W3624B,,
,,,,,,,,,,,,,,,,24W3724B,,
,,,,,,,,,,,,,,,,24W2427B,,
,,,,,,,,,,,,,,,,24W2727B,,
,,,,,,,,,,,,,,,,24W3027B,,
,,,,,,,,,,,,,,,,24W3327B,,
,,,,,,,,,,,,,,,,24W3427B,,
,,,,,,,,,,,,,,,,24W3627B,,
,,,,,,,,,,,,,,,,24W3727B,,
,,,,,,,,,,,,,,,,24W3012,,
,,,,,,,,,,,,,,,,24W3312,,
,,,,,,,,,,,,,,,,24W3612,,
,,,,,,,,,,,,,,,,24W3912,,
,,,,,,,,,,,,,,,,24W4212,,
,,,,,,,,,,,,,,,,24W3015,,
,,,,,,,,,,,,,,,,24W3315,,
,,,,,,,,,,,,,,,,24W3615,,
,,,,,,,,,,,,,,,,24W3915,,
,,,,,,,,,,,,,,,,24W4215,,
,,,,,,,,,,,,,,,,24W3018,,
,,,,,,,,,,,,,,,,24W3318,,
,,,,,,,,,,,,,,,,24W3418,,
,,,,,,,,,,,,,,,,24W3618,,
,,,,,,,,,,,,,,,,24W3718,,
,,,,,,,,,,,,,,,,24W3918,,
,,,,,,,,,,,,,,,,24W4018,,
,,,,,,,,,,,,,,,,24W4218,,
,,,,,,,,,,,,,,,,24W4318,,
,,,,,,,,,,,,,,,,24W4518,,
,,,,,,,,,,,,,,,,24W3021,,
,,,,,,,,,,,,,,,,24W3321,,
,,,,,,,,,,,,,,,,24W3421,,
,,,,,,,,,,,,,,,,24W3621,,
,,,,,,,,,,,,,,,,24W3721,,
,,,,,,,,,,,,,,,,24W3921,,
,,,,,,,,,,,,,,,,24W4021,,
,,,,,,,,,,,,,,,,24W4221,,
,,,,,,,,,,,,,,,,24W4321,,
,,,,,,,,,,,,,,,,24W4821,,
,,,,,,,,,,,,,,,,24W3024,,
,,,,,,,,,,,,,,,,24W3324,,
,,,,,,,,,,,,,,,,24W3424,,
,,,,,,,,,,,,,,,,24W3624,,
,,,,,,,,,,,,,,,,24W3724,,
,,,,,,,,,,,,,,,,24W3924,,
,,,,,,,,,,,,,,,,24W4024,,
,,,,,,,,,,,,,,,,24W4224,,
,,,,,,,,,,,,,,,,24W4324,,
,,,,,,,,,,,,,,,,24W4524,,
,,,,,,,,,,,,,,,,24W4824,,
,,,,,,,,,,,,,,,,24W3027,,
,,,,,,,,,,,,,,,,24W3327,,
,,,,,,,,,,,,,,,,24W3427,,
,,,,,,,,,,,,,,,,24W3627,,
,,,,,,,,,,,,,,,,24W3727,,
,,,,,,,,,,,,,,,,24W3927,,
,,,,,,,,,,,,,,,,24W4027,,
,,,,,,,,,,,,,,,,24W4227,,
,,,,,,,,,,,,,,,,24W4327,,
,,,,,,,,,,,,,,,,24W4827,,
,,,,,,,,,,,,,,,,24W3030PD,,
,,,,,,,,,,,,,,,,24W3330PD,,
,,,,,,,,,,,,,,,,24W3630PD,,
,,,,,,,,,,,,,,,,24W3930PD,,
,,,,,,,,,,,,,,,,24W4230PD,,
,,,,,,,,,,,,,,,,24W3033PD,,
,,,,,,,,,,,,,,,,24W3333PD,,
,,,,,,,,,,,,,,,,24W3633PD,,
,,,,,,,,,,,,,,,,24W3933PD,,
,,,,,,,,,,,,,,,,24W4233PD,,
,,,,,,,,,,,,,,,,24W3036PD,,
,,,,,,,,,,,,,,,,24W3336PD,,
,,,,,,,,,,,,,,,,24W3636PD,,
,,,,,,,,,,,,,,,,24W3936PD,,
,,,,,,,,,,,,,,,,24W4236PD,,
,,,,,,,,,,,,,,,,24W3039PD,,
,,,,,,,,,,,,,,,,24W3339PD,,
,,,,,,,,,,,,,,,,24W3639PD,,
,,,,,,,,,,,,,,,,24W3939PD,,
,,,,,,,,,,,,,,,,24W4239PD,,
,,,,,,,,,,,,,,,,24W3042PD,,
,,,,,,,,,,,,,,,,24W3342PD,,
,,,,,,,,,,,,,,,,24W3642PD,,
,,,,,,,,,,,,,,,,24W3942PD,,
,,,,,,,,,,,,,,,,24W4242PD,,
,,,,,,,,,,,,,,,,24TDW2412B,,
,,,,,,,,,,,,,,,,24TDW2712B,,
,,,,,,,,,,,,,,,,24TDW3012B,,
,,,,,,,,,,,,,,,,24TDW3312B,,
,,,,,,,,,,,,,,,,24TDW3612B,,
,,,,,,,,,,,,,,,,24TDW2415B,,
,,,,,,,,,,,,,,,,24TDW2715B,,
,,,,,,,,,,,,,,,,24TDW3015B,,
,,,,,,,,,,,,,,,,24TDW3315B,,
,,,,,,,,,,,,,,,,24TDW3615B,,
,,,,,,,,,,,,,,,,24TDW2418B,,
,,,,,,,,,,,,,,,,24TDW2718B,,
,,,,,,,,,,,,,,,,24TDW3018B,,
,,,,,,,,,,,,,,,,24TDW3318B,,
,,,,,,,,,,,,,,,,24TDW3618B,,
,,,,,,,,,,,,,,,,24TDW3021B,,
,,,,,,,,,,,,,,,,24TDW3321B,,
,,,,,,,,,,,,,,,,24TDW3621B,,
,,,,,,,,,,,,,,,,24TDW2424B,,
,,,,,,,,,,,,,,,,24TDW2724B,,
,,,,,,,,,,,,,,,,24TDW3024B,,
,,,,,,,,,,,,,,,,24TDW3324B,,
,,,,,,,,,,,,,,,,24TDW3624B,,
,,,,,,,,,,,,,,,,24TDW3027B,,
,,,,,,,,,,,,,,,,24TDW3327B,,
,,,,,,,,,,,,,,,,24TDW3627B,,
,,,,,,,,,,,,,,,,24W3618BSOTL,,
,,,,,,,,,,,,,,,,24W3618BSOTR,,
,,,,,,,,,,,,,,,,24W3621BSOTL,,
,,,,,,,,,,,,,,,,24W3621BSOTR,,
,,,,,,,,,,,,,,,,24W3624BSOTL,,
,,,,,,,,,,,,,,,,24W3624BSOTR,,
,,,,,,,,,,,,,,,,WVL3018,,
,,,,,,,,,,,,,,,,WVL3318,,
,,,,,,,,,,,,,,,,WVL3618,,
,,,,,,,,,,,,,,,,WVL3021,,
,,,,,,,,,,,,,,,,WVL3321,,
,,,,,,,,,,,,,,,,WVL3621,,
,,,,,,,,,,,,,,,,24WVL3018,,
,,,,,,,,,,,,,,,,24WVL3318,,
,,,,,,,,,,,,,,,,24WVL3618,,
,,,,,,,,,,,,,,,,24WVL3021,,
,,,,,,,,,,,,,,,,24WVL3321,,
,,,,,,,,,,,,,,,,24WVL3621,,
,,,,,,,,,,,,,,,,WLS3018,,
,,,,,,,,,,,,,,,,WLS3318,,
,,,,,,,,,,,,,,,,WLS3618,,
,,,,,,,,,,,,,,,,WLS3021,,
,,,,,,,,,,,,,,,,WLS3321,,
,,,,,,,,,,,,,,,,WLS3621,,
,,,,,,,,,,,,,,,,24WLS3018,,
,,,,,,,,,,,,,,,,24WLS3318,,
,,,,,,,,,,,,,,,,24WLS3618,,
,,,,,,,,,,,,,,,,24WLS3021,,
,,,,,,,,,,,,,,,,24WLS3321,,
,,,,,,,,,,,,,,,,24WLS3621,,
,,,,,,,,,,,,,,,,CW2448B,,
,,,,,,,,,,,,,,,,CW2748B,,
,,,,,,,,,,,,,,,,CW3048B,,
,,,,,,,,,,,,,,,,CW3348B,,
,,,,,,,,,,,,,,,,CW3648B,,
,,,,,,,,,,,,,,,,CW2451B,,
,,,,,,,,,,,,,,,,CW2751B,,
,,,,,,,,,,,,,,,,CW3051B,,
,,,,,,,,,,,,,,,,CW3351B,,
,,,,,,,,,,,,,,,,CW3651B,,
,,,,,,,,,,,,,,,,CW2454B,,
,,,,,,,,,,,,,,,,CW2754B,,
,,,,,,,,,,,,,,,,CW3054B,,
,,,,,,,,,,,,,,,,CW3354B,,
,,,,,,,,,,,,,,,,CW3654B,,
,,,,,,,,,,,,,,,,CW2457B,,
,,,,,,,,,,,,,,,,CW2757B,,
,,,,,,,,,,,,,,,,CW3057B,,
,,,,,,,,,,,,,,,,CW3357B,,
,,,,,,,,,,,,,,,,CW3657B,,
,,,,,,,,,,,,,,,,CW2460B,,
,,,,,,,,,,,,,,,,CW2760B,,
,,,,,,,,,,,,,,,,CW3060B,,
,,,,,,,,,,,,,,,,CW3360B,,
,,,,,,,,,,,,,,,,CW3660B,,
,,,,,,,,,,,,,,,,CW3048,,
,,,,,,,,,,,,,,,,CW3348,,
,,,,,,,,,,,,,,,,CW3648,,
,,,,,,,,,,,,,,,,CW3051,,
,,,,,,,,,,,,,,,,CW3351,,
,,,,,,,,,,,,,,,,CW3651,,
,,,,,,,,,,,,,,,,CW3054,,
,,,,,,,,,,,,,,,,CW3354,,
,,,,,,,,,,,,,,,,CW3654,,
,,,,,,,,,,,,,,,,CW3057,,
,,,,,,,,,,,,,,,,CW3357,,
,,,,,,,,,,,,,,,,CW3657,,
,,,,,,,,,,,,,,,,CW3060,,
,,,,,,,,,,,,,,,,CW3360,,
,,,,,,,,,,,,,,,,CW3660,,
,,,,,,,,,,,,,,,,15BCPD3048,,
,,,,,,,,,,,,,,,,15BCPD3348,,
,,,,,,,,,,,,,,,,15BCPD3648,,
,,,,,,,,,,,,,,,,15BCPD3051,,
,,,,,,,,,,,,,,,,15BCPD3351,,
,,,,,,,,,,,,,,,,15BCPD3651,,
,,,,,,,,,,,,,,,,15BCPD3054,,
,,,,,,,,,,,,,,,,15BCPD3354,,
,,,,,,,,,,,,,,,,15BCPD3654,,
,,,,,,,,,,,,,,,,15BCPD3057,,
,,,,,,,,,,,,,,,,15BCPD3357,,
,,,,,,,,,,,,,,,,15BCPD3657,,
,,,,,,,,,,,,,,,,15BCPD3060,,
,,,,,,,,,,,,,,,,15BCPD3360,,
,,,,,,,,,,,,,,,,15BCPD3660,,
,,,,,,,,,,,,,,,,18BCPD3048,,
,,,,,,,,,,,,,,,,18BCPD3348,,
,,,,,,,,,,,,,,,,18BCPD3648,,
,,,,,,,,,,,,,,,,18BCPD3051,,
,,,,,,,,,,,,,,,,18BCPD3351,,
,,,,,,,,,,,,,,,,18BCPD3651,,
,,,,,,,,,,,,,,,,18BCPD3054,,
,,,,,,,,,,,,,,,,18BCPD3354,,
,,,,,,,,,,,,,,,,18BCPD3654,,
,,,,,,,,,,,,,,,,18BCPD3057,,
,,,,,,,,,,,,,,,,18BCPD3357,,
,,,,,,,,,,,,,,,,18BCPD3657,,
,,,,,,,,,,,,,,,,18BCPD3060,,
,,,,,,,,,,,,,,,,18BCPD3360,,
,,,,,,,,,,,,,,,,18BCPD3660,,
,,,,,,,,,,,,,,,,21BCPD3048,,
,,,,,,,,,,,,,,,,21BCPD3348,,
,,,,,,,,,,,,,,,,21BCPD3648,,
,,,,,,,,,,,,,,,,21BCPD3051,,
,,,,,,,,,,,,,,,,21BCPD3351,,
,,,,,,,,,,,,,,,,21BCPD3651,,
,,,,,,,,,,,,,,,,21BCPD3054,,
,,,,,,,,,,,,,,,,21BCPD3354,,
,,,,,,,,,,,,,,,,21BCPD3654,,
,,,,,,,,,,,,,,,,21BCPD3057,,
,,,,,,,,,,,,,,,,21BCPD3357,,
,,,,,,,,,,,,,,,,21BCPD3657,,
,,,,,,,,,,,,,,,,21BCPD3060,,
,,,,,,,,,,,,,,,,21BCPD3360,,
,,,,,,,,,,,,,,,,21BCPD3660,,
,,,,,,,,,,,,,,,,24BCPD3048,,
,,,,,,,,,,,,,,,,24BCPD3348,,
,,,,,,,,,,,,,,,,24BCPD3648,,
,,,,,,,,,,,,,,,,24BCPD3051,,
,,,,,,,,,,,,,,,,24BCPD3351,,
,,,,,,,,,,,,,,,,24BCPD3651,,
,,,,,,,,,,,,,,,,24BCPD3054,,
,,,,,,,,,,,,,,,,24BCPD3354,,
,,,,,,,,,,,,,,,,24BCPD3654,,
,,,,,,,,,,,,,,,,24BCPD3057,,
,,,,,,,,,,,,,,,,24BCPD3357,,
,,,,,,,,,,,,,,,,24BCPD3657,,
,,,,,,,,,,,,,,,,24BCPD3060,,
,,,,,,,,,,,,,,,,24BCPD3360,,
,,,,,,,,,,,,,,,,24BCPD3660,,
