YTC-B-One Door,YTC-B-Two Door,YTC-B-One Door One Drawer,YTC-B-Two Door One Drawer,YTC-B-Two Door One Drawer.1,YTC-B-Microwave One Drawer,YTC-B-Three Drawer,YTC-B-Two Drawer Stacked,YTC-B-Four Drawer,YTC-B-Corner,YTC-B-Blind Right One Door One Drawer
BFH09,BFH24B,B12,B24B,B30,BW24LD,3DB12,2DB1234,4DB12,SCB33,BBCU36
BFH12,BFH27B,B15,B27B,B33,,3DB15,2DB1534,4DB15,SCB36,BBCU39
BFH15,BFH30B,B18,B30B,B36,,3DB18,2DB1834,4DB18,SSCB33WT,BBCU42
BFH18,BFH33B,B21,B33B,B39,,3DB21,2DB2134,4DB21,SSCB36WT,BBCU45
BFH21,BFH36B,B24,B36B,B42,,3DB24,2DB2434,4DB24,,BBCU48
BFH24,BFH30,BT12-1,BT24B-1,B45,,3DB27,2DB2734,,,
TB09,BFH33,BT15-1,BT27B-1,B48,,3DB30,2DB3034,,,
BPS09,BFH36,BT18-1,BT30B-1,BT39-4,,3DB33,2DB3334,,,
BPS12,BFH39,BT21-1,BT33B-1,BT42-4,,3DB36,2DB3634,,,
BPS15,BFH42,BT24-1,BT36B-1,BT45-4,,,,,,
BFHKC15,BFH45,BT12-2,BT24B-2,BT48-4,,,,,,
,BFH48,BT15-2,BT27B-2,,,,,,,
,,BT18-2,BT30B-2,,,,,,,
,,BT21-2,BT33B-2,,,,,,,
,,BT24-2,BT36B-2,,,,,,,
,,B15WB,SB24B,,,,,,,
,,B18DWB,SB27B,,,,,,,
,,,SB30B,,,,,,,
,,,SB33B,,,,,,,
,,,SB36B,,,,,,,
