Eclipse-B-One Door,Eclipse-B-Two Door,Eclipse-B-One Door One Drawer,Eclipse-B-Two Door One Drawer,Eclipse-B-Blind Right One Door One Drawer,Eclipse-B-Two Drawer Stacked,Eclipse-B-Three Drawer,Eclipse-B-Four Drawer,Eclipse-B-Corner
B9-FHD,B24-FHD-2D,B9,B24-2D,BBC36,B2HD12,B3D12,B4D12,BL33-PH
B12-FHD,B27-FHD,B12,B27,BBC39,B2HD15,B3D15,B4D15,BL36-PH
B15-FHD,B30-FHD,B15,B30,BBC42,B2HD18,B3D18,B4D18,BL33-SS-PH
B18-FHD,B33-FHD,B18,B33,BBC45,B2HD21,B3D21,B4D21,BL36-SS-PH
B21-FHD,B36-FHD,B21,B36,BBC48,B2HD22.5,B3D22.5,B4D22.5,
B22.5-FHD,B39-FHD,B22.5,B39,,B2HD24,B3D24,B4D24,
B24-FHD,B42-FHD,B24,B42,,B2HD27,B3D27,B4D27,
TB9,SB24-2D-FHD,SB18,SB24-2D,,B2HD30,B3D30,B4D30,
BPOS-9,SB27-FHD,SB21,SB27,,B2HD33,B3D33,B4D33,
BPOS-18,SB30FHD,SB24,SB30,,B2HD36,B3D36,B4D36,
SB18-FHD,SB33-FHD,B12-RT,SB33,,B2HD39,B3D39,B4D39,
SB21-FHD,,B15-RT,SB36,,B2HD42,B3D42,B4D42,
SB24-FHD,,B18-RT,SB42,,,,,
,,B21-RT,SB45,,,,,
,,B22.5-RT,SB48,,,,,
,,B24-RT,B24-RT-2D,,,,,
,,BWDMW15,B27-RT,,,,,
,,BWDMW18,B30-RT,,,,,
,,,B33-RT,,,,,
,,,B36-RT,,,,,
,,,B39-RT,,,,,
,,,B42-RT,,,,,
