YTC-W-One Door,YTC-W-Two Door,YTC-W-One Door One Drawer,YTC-W-Two Door One Drawer Bottom,YTC-W-Blind One Door,YTC-W-Blind Two Door,YTC-W-Corner Diagonal One Door,YTC-W-Special,YTC-W-Two Door Stacked Microwave
W1212,W2412B,WDC1548,WDC2448B,WBC2430,WBC3630B,DW2430,WCWS2412T,PMW2433B
W1512,W2712B,WDC1848,WDC2748B,WBC2730,WBC3930B,DW2730,WCWS2412B,PMW2733B
W1812,W3012B,WDC2148,WDC3048B,WBC3030,WBC4230B,DW2433,WCWS3015T,PMW3033B
W2112,W3312B,WDC2448,WDC3348B,WBC3330,WBC4530B,DW2733,WCWS3015B,PMW2436B
W1215,W3612B,WDC1551,WDC3648B,WBC2433,WBC3633B,DW2436,WCWS3618,PMW2736B
W1515,W2415B,WDC1851,WDC2451B,WBC2733,WBC3933B,DW2736,WCWS4221,PMW3036B
W1815,W2715B,WDC2151,WDC2751B,WBC3033,WBC4233B,DW2439,WCWS4824,PMW3039B
W2115,W3015B,WDC2451,WDC3051B,WBC3333,WBC4533B,DW2739,,PMW3033
W2415,W3315B,WDC1554,WDC3351B,WBC2436,WBC3636B,DW2442,,PMW3036
W1218,W3615B,WDC1854,WDC3651B,WBC2736,WBC3639B,DW2742,,18BMW2430B
W1518,W2418B,WDC2154,WDC2454B,WBC3036,WBC3939B,LSDW2430,,18BMW2730B
W1818,W2718B,WDC2454,WDC2754B,WBC3336,WBC4239B,LSDW2730,,18BMW3030B
W2118,W3018B,WDC1557,WDC3054B,WBC2439,WBC4230,LSDW2433,,18BMW3330B
W2418,W3318B,WDC1857,WDC3354B,WBC2739,WBC4530,LSDW2733,,18BMW3630B
W1521,W3618B,WDC2157,WDC3654B,WBC3039,WBC4233,LSDW2436,,18BMW2433B
W1821,W3918B,WDC2457,WDC2457B,WBC3339,WBC4533,LSDW2736,,18BMW2733B
W1524,W2421B,WDC1560,WDC2757B,WBC2442,,LSDW2439,,18BMW3033B
W1824,W2721B,WDC1860,WDC3057B,WBC2742,,LSDW2739,,18BMW3333B
W2124,W3021B,WDC2160,WDC3357B,WBC3042,,LSDW2442,,18BMW3633B
W2424,W3321B,WDC2460,WDC3657B,WBC3342,,LSDW2742,,18BMW2436B
W1527,W3621B,,WDC2460B,,,,,18BMW2736B
W1827,W2424B,,WDC2760B,,,,,18BMW3036B
W0930,W2724B,,WDC3060B,,,,,18BMW3336B
W1230,W3024B,,WDC3360B,,,,,18BMW3636B
W1530,W3324B,,WDC3660B,,,,,18BMW2439B
W1830,W3624B,,,,,,,18BMW2739B
W2130,W2427B,,,,,,,18BMW3039B
W2430,W2727B,,,,,,,18BMW3339B
W0933,W3027B,,,,,,,18BMW3639B
W1233,W3327B,,,,,,,18BMW2442B
W1533,W3627B,,,,,,,18BMW2742B
W1833,W2430B,,,,,,,18BMW3042B
W2133,W2730B,,,,,,,18BMW3342B
W2433,W3030B,,,,,,,18BMW3642B
W0936,W3330B,,,,,,,21BMW2430B
W1236,W3630B,,,,,,,21BMW2730B
W1536,W2433B,,,,,,,21BMW3030B
W1836,W2733B,,,,,,,21BMW3330B
W2136,W3033B,,,,,,,21BMW3630B
W2436,W3333B,,,,,,,21BMW2433B
W0939,W3633B,,,,,,,21BMW2733B
W1239,W2436B,,,,,,,21BMW3033B
W1539,W2736B,,,,,,,21BMW3333B
W1839,W3036B,,,,,,,21BMW3633B
W2139,W3336B,,,,,,,21BMW2436B
W0942,W3636B,,,,,,,21BMW2736B
W1242,W2439B,,,,,,,21BMW3036B
W1542,W2739B,,,,,,,21BMW3336B
W1842,W3039B,,,,,,,21BMW3636B
W2142,W3339B,,,,,,,21BMW2439B
W2442,W3639B,,,,,,,21BMW2739B
CW1248,W2442B,,,,,,,21BMW3039B
CW1548,W2742B,,,,,,,21BMW3339B
CW1848,W3042B,,,,,,,21BMW3639B
CW2148,W3342B,,,,,,,21BMW2442B
CW2448,W3642B,,,,,,,21BMW2742B
CW1254,24W3012B,,,,,,,21BMW3042B
CW1554,24W3312B,,,,,,,21BMW3342B
CW1854,24W3612B,,,,,,,21BMW3642B
CW2154,24W3015B,,,,,,,
CW2454,24W3315B,,,,,,,
CW1257,24W3615B,,,,,,,
CW1557,24W3018B,,,,,,,
CW1857,24W3318B,,,,,,,
CW2157,24W3618B,,,,,,,
CW2457,24W3918B,,,,,,,
CW1260,24W3021B,,,,,,,
CW1560,24W3321B,,,,,,,
CW1860,24W3621B,,,,,,,
CW2160,24W3024B,,,,,,,
CW2460,24W3324B,,,,,,,
,24W3624B,,,,,,,
,24W3027B,,,,,,,
,24W3327B,,,,,,,
,24W3627B,,,,,,,
,CW2448B,,,,,,,
,CW2748B,,,,,,,
,CW3048B,,,,,,,
,CW3348B,,,,,,,
,CW3648B,,,,,,,
,CW2454B,,,,,,,
,CW2754B,,,,,,,
,CW3054B,,,,,,,
,CW3354B,,,,,,,
,CW3654B,,,,,,,
,CW2457B,,,,,,,
,CW2757B,,,,,,,
,CW3057B,,,,,,,
,CW3357B,,,,,,,
,CW3657B,,,,,,,
,CW2460B,,,,,,,
,CW2760B,,,,,,,
,CW3060B,,,,,,,
,CW3360B,,,,,,,
,CW3660B,,,,,,,
